variable,count,mean,std,min,25%,50%,75%,max,original
dummy1,1000.0,-0.00019726546545937882,0.01121078984194609,-0.0314532899641299,-0.008237668758324476,-0.00038386583590004997,0.007296731169453325,0.0339403391357855,0.0052735733959572
dummy2,1000.0,-0.0004037269872582631,0.009463269993558182,-0.0338028296615,-0.0067196864813237,-0.00059278283181815,0.005940879592578999,0.0314067725943933,-0.0057576298521837
x1,1000.0,-0.14623747858374525,3.0195026396244233,-8.719834104264914,-2.183369292574317,-0.16948087635081155,1.744539800491929,28.20364769774152,28.20364769774152
x2,1000.0,0.1646985077637122,7.8658501956204105,-21.794122064895696,-5.174884344520204,-0.06629041583269325,5.15493330254279,75.04933566775841,75.04933566775841
x3,1000.0,0.04201228930246131,1.8918290105654143,-6.831355192344105,-1.1576326818633476,0.0767687445933944,1.1923582478653394,17.754123485027193,17.754123485027193
